<?xml version="1.0" encoding="utf-8"?>
<cwbopendata xmlns="urn:cwb:gov:tw:cwbcommon:0.1">
  <identifier>a2c418fd-2dce-49f1-9ca6-bcfe6f9ba63f</identifier>
  <sender>weather@cwb.gov.tw</sender>
  <sent>2020-03-13T12:19:42+08:00</sent>
  <status>Actual</status>
  <scope>Public</scope>
  <msgType>Issue</msgType>
  <dataid>null</dataid>
  <source>MFC</source>
  <dataset>
    <datasetInfo>
      <datasetDescription>Seven Days Weather Forecast of 368 townships</datasetDescription>
      <datasetLanguage>EN</datasetLanguage>
      <issueTime>2020-03-13T11:00:00+08:00</issueTime>
      <validTime>
        <startTime>2020-03-13T12:00:00+08:00</startTime>
        <endTime>2020-03-21T11:00:00+08:00</endTime>
      </validTime>
      <update>2020-03-13T12:19:42+08:00</update>
    </datasetInfo>
    <locations>
      <locationsName>Chiayi City</locationsName>
      <location>
        <locationName>East District</locationName>
        <geocode>1002001</geocode>
        <lat>23.480384</lat>
        <lon>120.445361</lon>
        <weatherElement>
          <elementName>T</elementName>
          <description>average of temperature</description>
          <time>
            <startTime>2020-03-13T12:00:00+08:00</startTime>
            <endTime>2020-03-14T00:00:00+08:00</endTime>
            <elementValue>
              <value>26</value>
              <measures>C</measures>
            </elementValue>
          </time>
          <time>
            <startTime>2020-03-14T00:00:00+08:00</startTime>
            <endTime>2020-03-15T00:00:00+08:00</endTime>
            <elementValue>
              <value>20</value>
              <measures>C</measures>
            </elementValue>
          </time>
          <time>
            <startTime>2020-03-15T00:00:00+08:00</startTime>
            <endTime>2020-03-16T00:00:00+08:00</endTime>
            <elementValue>
              <value>19</value>
              <measures>C</measures>
            </elementValue>
          </time>
          <time>
            <startTime>2020-03-16T00:00:00+08:00</startTime>
            <endTime>2020-03-17T00:00:00+08:00</endTime>
            <elementValue>
              <value>20</value>
              <measures>C</measures>
            </elementValue>
          </time>
          <time>
            <startTime>2020-03-17T00:00:00+08:00</startTime>
            <endTime>2020-03-18T00:00:00+08:00</endTime>
            <elementValue>
              <value>21</value>
              <measures>C</measures>
            </elementValue>
          </time>
          <time>
            <startTime>2020-03-18T00:00:00+08:00</startTime>
            <endTime>2020-03-19T00:00:00+08:00</endTime>
            <elementValue>
              <value>22</value>
              <measures>C</measures>
            </elementValue>
          </time>
          <time>
            <startTime>2020-03-19T00:00:00+08:00</startTime>
            <endTime>2020-03-20T00:00:00+08:00</endTime>
            <elementValue>
              <value>22</value>
              <measures>C</measures>
            </elementValue>
          </time>
        </weatherElement>
        <weatherElement>
          <elementName>Td</elementName>
          <description>average of dew point temperature</description>
          <time>
            <startTime>2020-03-13T12:00:00+08:00</startTime>
            <endTime>2020-03-14T00:00:00+08:00</endTime>
            <elementValue>
              <value>21</value>
              <measures>C</measures>
            </elementValue>
          </time>
          <time>
            <startTime>2020-03-14T00:00:00+08:00</startTime>
            <endTime>2020-03-15T00:00:00+08:00</endTime>
            <elementValue>
              <value>16</value>
              <measures>C</measures>
            </elementValue>
          </time>
          <time>
            <startTime>2020-03-15T00:00:00+08:00</startTime>
            <endTime>2020-03-16T00:00:00+08:00</endTime>
            <elementValue>
              <value>13</value>
              <measures>C</measures>
            </elementValue>
          </time>
          <time>
            <startTime>2020-03-16T00:00:00+08:00</startTime>
            <endTime>2020-03-17T00:00:00+08:00</endTime>
            <elementValue>
              <value>14</value>
              <measures>C</measures>
            </elementValue>
          </time>
          <time>
            <startTime>2020-03-17T00:00:00+08:00</startTime>
            <endTime>2020-03-18T00:00:00+08:00</endTime>
            <elementValue>
              <value>15</value>
              <measures>C</measures>
            </elementValue>
          </time>
          <time>
            <startTime>2020-03-18T00:00:00+08:00</startTime>
            <endTime>2020-03-19T00:00:00+08:00</endTime>
            <elementValue>
              <value>16</value>
              <measures>C</measures>
            </elementValue>
          </time>
          <time>
            <startTime>2020-03-19T00:00:00+08:00</startTime>
            <endTime>2020-03-20T00:00:00+08:00</endTime>
            <elementValue>
              <value>19</value>
              <measures>C</measures>
            </elementValue>
          </time>
        </weatherElement>
        <weatherElement>
          <elementName>RH</elementName>
          <description>average of relative humidity</description>
          <time>
            <startTime>2020-03-13T12:00:00+08:00</startTime>
            <endTime>2020-03-14T00:00:00+08:00</endTime>
            <elementValue>
              <value>74</value>
              <measures>%</measures>
            </elementValue>
          </time>
          <time>
            <startTime>2020-03-14T00:00:00+08:00</startTime>
            <endTime>2020-03-15T00:00:00+08:00</endTime>
            <elementValue>
              <value>82</value>
              <measures>%</measures>
            </elementValue>
          </time>
          <time>
            <startTime>2020-03-15T00:00:00+08:00</startTime>
            <endTime>2020-03-16T00:00:00+08:00</endTime>
            <elementValue>
              <value>67</value>
              <measures>%</measures>
            </elementValue>
          </time>
          <time>
            <startTime>2020-03-16T00:00:00+08:00</startTime>
            <endTime>2020-03-17T00:00:00+08:00</endTime>
            <elementValue>
              <value>69</value>
              <measures>%</measures>
            </elementValue>
          </time>
          <time>
            <startTime>2020-03-17T00:00:00+08:00</startTime>
            <endTime>2020-03-18T00:00:00+08:00</endTime>
            <elementValue>
              <value>68</value>
              <measures>%</measures>
            </elementValue>
          </time>
          <time>
            <startTime>2020-03-18T00:00:00+08:00</startTime>
            <endTime>2020-03-19T00:00:00+08:00</endTime>
            <elementValue>
              <value>72</value>
              <measures>%</measures>
            </elementValue>
          </time>
          <time>
            <startTime>2020-03-19T00:00:00+08:00</startTime>
            <endTime>2020-03-20T00:00:00+08:00</endTime>
            <elementValue>
              <value>82</value>
              <measures>%</measures>
            </elementValue>
          </time>
        </weatherElement>
        <weatherElement>
          <elementName>MaxT</elementName>
          <description>maximum temperature</description>
          <time>
            <startTime>2020-03-13T12:00:00+08:00</startTime>
            <endTime>2020-03-14T00:00:00+08:00</endTime>
            <elementValue>
              <value>30</value>
              <measures>C</measures>
            </elementValue>
          </time>
          <time>
            <startTime>2020-03-14T00:00:00+08:00</startTime>
            <endTime>2020-03-15T00:00:00+08:00</endTime>
            <elementValue>
              <value>22</value>
              <measures>C</measures>
            </elementValue>
          </time>
          <time>
            <startTime>2020-03-15T00:00:00+08:00</startTime>
            <endTime>2020-03-16T00:00:00+08:00</endTime>
            <elementValue>
              <value>24</value>
              <measures>C</measures>
            </elementValue>
          </time>
          <time>
            <startTime>2020-03-16T00:00:00+08:00</startTime>
            <endTime>2020-03-17T00:00:00+08:00</endTime>
            <elementValue>
              <value>26</value>
              <measures>C</measures>
            </elementValue>
          </time>
          <time>
            <startTime>2020-03-17T00:00:00+08:00</startTime>
            <endTime>2020-03-18T00:00:00+08:00</endTime>
            <elementValue>
              <value>25</value>
              <measures>C</measures>
            </elementValue>
          </time>
          <time>
            <startTime>2020-03-18T00:00:00+08:00</startTime>
            <endTime>2020-03-19T00:00:00+08:00</endTime>
            <elementValue>
              <value>26</value>
              <measures>C</measures>
            </elementValue>
          </time>
          <time>
            <startTime>2020-03-19T00:00:00+08:00</startTime>
            <endTime>2020-03-20T00:00:00+08:00</endTime>
            <elementValue>
              <value>27</value>
              <measures>C</measures>
            </elementValue>
          </time>
        </weatherElement>
        <weatherElement>
          <elementName>MinT</elementName>
          <description>minimum temperature</description>
          <time>
            <startTime>2020-03-13T12:00:00+08:00</startTime>
            <endTime>2020-03-14T00:00:00+08:00</endTime>
            <elementValue>
              <value>21</value>
              <measures>C</measures>
            </elementValue>
          </time>
          <time>
            <startTime>2020-03-14T00:00:00+08:00</startTime>
            <endTime>2020-03-15T00:00:00+08:00</endTime>
            <elementValue>
              <value>17</value>
              <measures>C</measures>
            </elementValue>
          </time>
          <time>
            <startTime>2020-03-15T00:00:00+08:00</startTime>
            <endTime>2020-03-16T00:00:00+08:00</endTime>
            <elementValue>
              <value>15</value>
              <measures>C</measures>
            </elementValue>
          </time>
          <time>
            <startTime>2020-03-16T00:00:00+08:00</startTime>
            <endTime>2020-03-17T00:00:00+08:00</endTime>
            <elementValue>
              <value>15</value>
              <measures>C</measures>
            </elementValue>
          </time>
          <time>
            <startTime>2020-03-17T00:00:00+08:00</startTime>
            <endTime>2020-03-18T00:00:00+08:00</endTime>
            <elementValue>
              <value>18</value>
              <measures>C</measures>
            </elementValue>
          </time>
          <time>
            <startTime>2020-03-18T00:00:00+08:00</startTime>
            <endTime>2020-03-19T00:00:00+08:00</endTime>
            <elementValue>
              <value>18</value>
              <measures>C</measures>
            </elementValue>
          </time>
          <time>
            <startTime>2020-03-19T00:00:00+08:00</startTime>
            <endTime>2020-03-20T00:00:00+08:00</endTime>
            <elementValue>
              <value>19</value>
              <measures>C</measures>
            </elementValue>
          </time>
        </weatherElement>
        <weatherElement>
          <elementName>MaxAT</elementName>
          <description>maximum athletic temperature</description>
          <time>
            <startTime>2020-03-13T12:00:00+08:00</startTime>
            <endTime>2020-03-14T00:00:00+08:00</endTime>
            <elementValue>
              <value>33</value>
              <measures>C</measures>
            </elementValue>
          </time>
          <time>
            <startTime>2020-03-14T00:00:00+08:00</startTime>
            <endTime>2020-03-15T00:00:00+08:00</endTime>
            <elementValue>
              <value>22</value>
              <measures>C</measures>
            </elementValue>
          </time>
          <time>
            <startTime>2020-03-15T00:00:00+08:00</startTime>
            <endTime>2020-03-16T00:00:00+08:00</endTime>
            <elementValue>
              <value>25</value>
              <measures>C</measures>
            </elementValue>
          </time>
          <time>
            <startTime>2020-03-16T00:00:00+08:00</startTime>
            <endTime>2020-03-17T00:00:00+08:00</endTime>
            <elementValue>
              <value>26</value>
              <measures>C</measures>
            </elementValue>
          </time>
          <time>
            <startTime>2020-03-17T00:00:00+08:00</startTime>
            <endTime>2020-03-18T00:00:00+08:00</endTime>
            <elementValue>
              <value>26</value>
              <measures>C</measures>
            </elementValue>
          </time>
          <time>
            <startTime>2020-03-18T00:00:00+08:00</startTime>
            <endTime>2020-03-19T00:00:00+08:00</endTime>
            <elementValue>
              <value>28</value>
              <measures>C</measures>
            </elementValue>
          </time>
          <time>
            <startTime>2020-03-19T00:00:00+08:00</startTime>
            <endTime>2020-03-20T00:00:00+08:00</endTime>
            <elementValue>
              <value>28</value>
              <measures>C</measures>
            </elementValue>
          </time>
        </weatherElement>
        <weatherElement>
          <elementName>MinAT</elementName>
          <description>minimum athletic temperature</description>
          <time>
            <startTime>2020-03-13T12:00:00+08:00</startTime>
            <endTime>2020-03-14T00:00:00+08:00</endTime>
            <elementValue>
              <value>22</value>
              <measures>C</measures>
            </elementValue>
          </time>
          <time>
            <startTime>2020-03-14T00:00:00+08:00</startTime>
            <endTime>2020-03-15T00:00:00+08:00</endTime>
            <elementValue>
              <value>15</value>
              <measures>C</measures>
            </elementValue>
          </time>
          <time>
            <startTime>2020-03-15T00:00:00+08:00</startTime>
            <endTime>2020-03-16T00:00:00+08:00</endTime>
            <elementValue>
              <value>14</value>
              <measures>C</measures>
            </elementValue>
          </time>
          <time>
            <startTime>2020-03-16T00:00:00+08:00</startTime>
            <endTime>2020-03-17T00:00:00+08:00</endTime>
            <elementValue>
              <value>15</value>
              <measures>C</measures>
            </elementValue>
          </time>
          <time>
            <startTime>2020-03-17T00:00:00+08:00</startTime>
            <endTime>2020-03-18T00:00:00+08:00</endTime>
            <elementValue>
              <value>17</value>
              <measures>C</measures>
            </elementValue>
          </time>
          <time>
            <startTime>2020-03-18T00:00:00+08:00</startTime>
            <endTime>2020-03-19T00:00:00+08:00</endTime>
            <elementValue>
              <value>18</value>
              <measures>C</measures>
            </elementValue>
          </time>
          <time>
            <startTime>2020-03-19T00:00:00+08:00</startTime>
            <endTime>2020-03-20T00:00:00+08:00</endTime>
            <elementValue>
              <value>19</value>
              <measures>C</measures>
            </elementValue>
          </time>
        </weatherElement>
        <weatherElement>
          <elementName>MaxCI</elementName>
          <description>maximum comfort index</description>
          <time>
            <startTime>2020-03-13T12:00:00+08:00</startTime>
            <endTime>2020-03-14T00:00:00+08:00</endTime>
            <elementValue>
              <value>27</value>
              <measures>NA</measures>
            </elementValue>
          </time>
          <time>
            <startTime>2020-03-14T00:00:00+08:00</startTime>
            <endTime>2020-03-15T00:00:00+08:00</endTime>
            <elementValue>
              <value>21</value>
              <measures>NA</measures>
            </elementValue>
          </time>
          <time>
            <startTime>2020-03-15T00:00:00+08:00</startTime>
            <endTime>2020-03-16T00:00:00+08:00</endTime>
            <elementValue>
              <value>22</value>
              <measures>NA</measures>
            </elementValue>
          </time>
          <time>
            <startTime>2020-03-16T00:00:00+08:00</startTime>
            <endTime>2020-03-17T00:00:00+08:00</endTime>
            <elementValue>
              <value>23</value>
              <measures>NA</measures>
            </elementValue>
          </time>
          <time>
            <startTime>2020-03-17T00:00:00+08:00</startTime>
            <endTime>2020-03-18T00:00:00+08:00</endTime>
            <elementValue>
              <value>23</value>
              <measures>NA</measures>
            </elementValue>
          </time>
          <time>
            <startTime>2020-03-18T00:00:00+08:00</startTime>
            <endTime>2020-03-19T00:00:00+08:00</endTime>
            <elementValue>
              <value>24</value>
              <measures>NA</measures>
            </elementValue>
          </time>
          <time>
            <startTime>2020-03-19T00:00:00+08:00</startTime>
            <endTime>2020-03-20T00:00:00+08:00</endTime>
            <elementValue>
              <value>24</value>
              <measures>NA</measures>
            </elementValue>
          </time>
        </weatherElement>
        <weatherElement>
          <elementName>MinCI</elementName>
          <description>minimum comfort index</description>
          <time>
            <startTime>2020-03-13T12:00:00+08:00</startTime>
            <endTime>2020-03-14T00:00:00+08:00</endTime>
            <elementValue>
              <value>21</value>
              <measures>NA</measures>
            </elementValue>
          </time>
          <time>
            <startTime>2020-03-14T00:00:00+08:00</startTime>
            <endTime>2020-03-15T00:00:00+08:00</endTime>
            <elementValue>
              <value>16</value>
              <measures>NA</measures>
            </elementValue>
          </time>
          <time>
            <startTime>2020-03-15T00:00:00+08:00</startTime>
            <endTime>2020-03-16T00:00:00+08:00</endTime>
            <elementValue>
              <value>15</value>
              <measures>NA</measures>
            </elementValue>
          </time>
          <time>
            <startTime>2020-03-16T00:00:00+08:00</startTime>
            <endTime>2020-03-17T00:00:00+08:00</endTime>
            <elementValue>
              <value>15</value>
              <measures>NA</measures>
            </elementValue>
          </time>
          <time>
            <startTime>2020-03-17T00:00:00+08:00</startTime>
            <endTime>2020-03-18T00:00:00+08:00</endTime>
            <elementValue>
              <value>17</value>
              <measures>NA</measures>
            </elementValue>
          </time>
          <time>
            <startTime>2020-03-18T00:00:00+08:00</startTime>
            <endTime>2020-03-19T00:00:00+08:00</endTime>
            <elementValue>
              <value>18</value>
              <measures>NA</measures>
            </elementValue>
          </time>
          <time>
            <startTime>2020-03-19T00:00:00+08:00</startTime>
            <endTime>2020-03-20T00:00:00+08:00</endTime>
            <elementValue>
              <value>18</value>
              <measures>NA</measures>
            </elementValue>
          </time>
        </weatherElement>
        <weatherElement>
          <elementName>PoP24h</elementName>
          <description>24 hours probability of precipitation</description>
          <time>
            <startTime>2020-03-13T12:00:00+08:00</startTime>
            <endTime>2020-03-14T00:00:00+08:00</endTime>
            <elementValue>
              <value>40</value>
              <measures>%</measures>
            </elementValue>
          </time>
          <time>
            <startTime>2020-03-14T00:00:00+08:00</startTime>
            <endTime>2020-03-15T00:00:00+08:00</endTime>
            <elementValue>
              <value>50</value>
              <measures>%</measures>
            </elementValue>
          </time>
          <time>
            <startTime>2020-03-15T00:00:00+08:00</startTime>
            <endTime>2020-03-16T00:00:00+08:00</endTime>
            <elementValue>
              <value>0</value>
              <measures>%</measures>
            </elementValue>
          </time>
          <time>
            <startTime>2020-03-16T00:00:00+08:00</startTime>
            <endTime>2020-03-17T00:00:00+08:00</endTime>
            <elementValue>
              <value> </value>
              <measures>%</measures>
            </elementValue>
          </time>
          <time>
            <startTime>2020-03-17T00:00:00+08:00</startTime>
            <endTime>2020-03-18T00:00:00+08:00</endTime>
            <elementValue>
              <value> </value>
              <measures>%</measures>
            </elementValue>
          </time>
          <time>
            <startTime>2020-03-18T00:00:00+08:00</startTime>
            <endTime>2020-03-19T00:00:00+08:00</endTime>
            <elementValue>
              <value> </value>
              <measures>%</measures>
            </elementValue>
          </time>
          <time>
            <startTime>2020-03-19T00:00:00+08:00</startTime>
            <endTime>2020-03-20T00:00:00+08:00</endTime>
            <elementValue>
              <value> </value>
              <measures>%</measures>
            </elementValue>
          </time>
        </weatherElement>
        <weatherElement>
          <elementName>WD</elementName>
          <description>wind direction</description>
          <time>
            <startTime>2020-03-13T12:00:00+08:00</startTime>
            <endTime>2020-03-14T00:00:00+08:00</endTime>
            <elementValue>
              <value>NW</value>
              <measures>16 directions</measures>
            </elementValue>
          </time>
          <time>
            <startTime>2020-03-14T00:00:00+08:00</startTime>
            <endTime>2020-03-15T00:00:00+08:00</endTime>
            <elementValue>
              <value>N</value>
              <measures>16 directions</measures>
            </elementValue>
          </time>
          <time>
            <startTime>2020-03-15T00:00:00+08:00</startTime>
            <endTime>2020-03-16T00:00:00+08:00</endTime>
            <elementValue>
              <value>N</value>
              <measures>16 directions</measures>
            </elementValue>
          </time>
          <time>
            <startTime>2020-03-16T00:00:00+08:00</startTime>
            <endTime>2020-03-17T00:00:00+08:00</endTime>
            <elementValue>
              <value>SW</value>
              <measures>16 directions</measures>
            </elementValue>
          </time>
          <time>
            <startTime>2020-03-17T00:00:00+08:00</startTime>
            <endTime>2020-03-18T00:00:00+08:00</endTime>
            <elementValue>
              <value>SE</value>
              <measures>16 directions</measures>
            </elementValue>
          </time>
          <time>
            <startTime>2020-03-18T00:00:00+08:00</startTime>
            <endTime>2020-03-19T00:00:00+08:00</endTime>
            <elementValue>
              <value>N</value>
              <measures>16 directions</measures>
            </elementValue>
          </time>
          <time>
            <startTime>2020-03-19T00:00:00+08:00</startTime>
            <endTime>2020-03-20T00:00:00+08:00</endTime>
            <elementValue>
              <value>NW</value>
              <measures>16 directions</measures>
            </elementValue>
          </time>
        </weatherElement>
        <weatherElement>
          <elementName>WS</elementName>
          <description>maximum of wind speed</description>
          <time>
            <startTime>2020-03-13T12:00:00+08:00</startTime>
            <endTime>2020-03-14T00:00:00+08:00</endTime>
            <elementValue>
              <value>3</value>
              <measures>m/s</measures>
            </elementValue>
            <elementValue>
              <value>2</value>
              <measures>Beaufort</measures>
            </elementValue>
          </time>
          <time>
            <startTime>2020-03-14T00:00:00+08:00</startTime>
            <endTime>2020-03-15T00:00:00+08:00</endTime>
            <elementValue>
              <value>4</value>
              <measures>m/s</measures>
            </elementValue>
            <elementValue>
              <value>3</value>
              <measures>Beaufort</measures>
            </elementValue>
          </time>
          <time>
            <startTime>2020-03-15T00:00:00+08:00</startTime>
            <endTime>2020-03-16T00:00:00+08:00</endTime>
            <elementValue>
              <value>4</value>
              <measures>m/s</measures>
            </elementValue>
            <elementValue>
              <value>3</value>
              <measures>Beaufort</measures>
            </elementValue>
          </time>
          <time>
            <startTime>2020-03-16T00:00:00+08:00</startTime>
            <endTime>2020-03-17T00:00:00+08:00</endTime>
            <elementValue>
              <value>3</value>
              <measures>m/s</measures>
            </elementValue>
            <elementValue>
              <value>2</value>
              <measures>Beaufort</measures>
            </elementValue>
          </time>
          <time>
            <startTime>2020-03-17T00:00:00+08:00</startTime>
            <endTime>2020-03-18T00:00:00+08:00</endTime>
            <elementValue>
              <value>3</value>
              <measures>m/s</measures>
            </elementValue>
            <elementValue>
              <value>2</value>
              <measures>Beaufort</measures>
            </elementValue>
          </time>
          <time>
            <startTime>2020-03-18T00:00:00+08:00</startTime>
            <endTime>2020-03-19T00:00:00+08:00</endTime>
            <elementValue>
              <value>4</value>
              <measures>m/s</measures>
            </elementValue>
            <elementValue>
              <value>3</value>
              <measures>Beaufort</measures>
            </elementValue>
          </time>
          <time>
            <startTime>2020-03-19T00:00:00+08:00</startTime>
            <endTime>2020-03-20T00:00:00+08:00</endTime>
            <elementValue>
              <value>3</value>
              <measures>m/s</measures>
            </elementValue>
            <elementValue>
              <value>2</value>
              <measures>Beaufort</measures>
            </elementValue>
          </time>
        </weatherElement>
        <weatherElement>
          <elementName>Wx</elementName>
          <description>weather</description>
          <time>
            <startTime>2020-03-13T12:00:00+08:00</startTime>
            <endTime>2020-03-14T00:00:00+08:00</endTime>
            <elementValue>
              <value>Partly cloudy with occasional showers</value>
              <measures>define Wx text by self</measures>
            </elementValue>
            <elementValue>
              <value>08</value>
              <measures>define Wx unit by self</measures>
            </elementValue>
          </time>
          <time>
            <startTime>2020-03-14T00:00:00+08:00</startTime>
            <endTime>2020-03-15T00:00:00+08:00</endTime>
            <elementValue>
              <value>Cloudy with occasional rain</value>
              <measures>define Wx text by self</measures>
            </elementValue>
            <elementValue>
              <value>11</value>
              <measures>define Wx unit by self</measures>
            </elementValue>
          </time>
          <time>
            <startTime>2020-03-15T00:00:00+08:00</startTime>
            <endTime>2020-03-16T00:00:00+08:00</endTime>
            <elementValue>
              <value>Mostly clear</value>
              <measures>define Wx text by self</measures>
            </elementValue>
            <elementValue>
              <value>02</value>
              <measures>define Wx unit by self</measures>
            </elementValue>
          </time>
          <time>
            <startTime>2020-03-16T00:00:00+08:00</startTime>
            <endTime>2020-03-17T00:00:00+08:00</endTime>
            <elementValue>
              <value>Mostly clear</value>
              <measures>define Wx text by self</measures>
            </elementValue>
            <elementValue>
              <value>02</value>
              <measures>define Wx unit by self</measures>
            </elementValue>
          </time>
          <time>
            <startTime>2020-03-17T00:00:00+08:00</startTime>
            <endTime>2020-03-18T00:00:00+08:00</endTime>
            <elementValue>
              <value>Mostly clear</value>
              <measures>define Wx text by self</measures>
            </elementValue>
            <elementValue>
              <value>02</value>
              <measures>define Wx unit by self</measures>
            </elementValue>
          </time>
          <time>
            <startTime>2020-03-18T00:00:00+08:00</startTime>
            <endTime>2020-03-19T00:00:00+08:00</endTime>
            <elementValue>
              <value>Partly cloudy</value>
              <measures>define Wx text by self</measures>
            </elementValue>
            <elementValue>
              <value>04</value>
              <measures>define Wx unit by self</measures>
            </elementValue>
          </time>
          <time>
            <startTime>2020-03-19T00:00:00+08:00</startTime>
            <endTime>2020-03-20T00:00:00+08:00</endTime>
            <elementValue>
              <value>Mostly clear</value>
              <measures>define Wx text by self</measures>
            </elementValue>
            <elementValue>
              <value>02</value>
              <measures>define Wx unit by self</measures>
            </elementValue>
          </time>
        </weatherElement>
        <weatherElement>
          <elementName>UVI</elementName>
          <description>Ultraviolet index</description>
          <time>
            <startTime>2020-03-13T06:00:00+08:00</startTime>
            <endTime>2020-03-13T18:00:00+08:00</endTime>
            <elementValue>
              <value>7</value>
              <measures>UV Index</measures>
            </elementValue>
            <elementValue>
              <value>High</value>
              <measures>Exposure Level</measures>
            </elementValue>
          </time>
          <time>
            <startTime>2020-03-14T06:00:00+08:00</startTime>
            <endTime>2020-03-14T18:00:00+08:00</endTime>
            <elementValue>
              <value>4</value>
              <measures>UV Index</measures>
            </elementValue>
            <elementValue>
              <value>Moderate</value>
              <measures>Exposure Level</measures>
            </elementValue>
          </time>
          <time>
            <startTime>2020-03-15T06:00:00+08:00</startTime>
            <endTime>2020-03-15T18:00:00+08:00</endTime>
            <elementValue>
              <value>6</value>
              <measures>UV Index</measures>
            </elementValue>
            <elementValue>
              <value>High</value>
              <measures>Exposure Level</measures>
            </elementValue>
          </time>
          <time>
            <startTime>2020-03-16T06:00:00+08:00</startTime>
            <endTime>2020-03-16T18:00:00+08:00</endTime>
            <elementValue>
              <value>6</value>
              <measures>UV Index</measures>
            </elementValue>
            <elementValue>
              <value>High</value>
              <measures>Exposure Level</measures>
            </elementValue>
          </time>
          <time>
            <startTime>2020-03-17T06:00:00+08:00</startTime>
            <endTime>2020-03-17T18:00:00+08:00</endTime>
            <elementValue>
              <value>6</value>
              <measures>UV Index</measures>
            </elementValue>
            <elementValue>
              <value>High</value>
              <measures>Exposure Level</measures>
            </elementValue>
          </time>
          <time>
            <startTime>2020-03-18T06:00:00+08:00</startTime>
            <endTime>2020-03-18T18:00:00+08:00</endTime>
            <elementValue>
              <value>6</value>
              <measures>UV Index</measures>
            </elementValue>
            <elementValue>
              <value>High</value>
              <measures>Exposure Level</measures>
            </elementValue>
          </time>
          <time>
            <startTime>2020-03-19T06:00:00+08:00</startTime>
            <endTime>2020-03-19T18:00:00+08:00</endTime>
            <elementValue>
              <value>6</value>
              <measures>UV Index</measures>
            </elementValue>
            <elementValue>
              <value>High</value>
              <measures>Exposure Level</measures>
            </elementValue>
          </time>
        </weatherElement>
        <weatherElement>
          <elementName>WeatherDescription</elementName>
          <description>weather description</description>
          <time>
            <startTime>2020-03-13T12:00:00+08:00</startTime>
            <endTime>2020-03-14T00:00:00+08:00</endTime>
            <elementValue>
              <value>Partly cloudy with occasional showers. Temperature between 21 and 30 centigrade. Comfortable~Hot. NW wind 3m/s. Chance of precipitation 40%.</value>
              <measures>NA</measures>
            </elementValue>
          </time>
          <time>
            <startTime>2020-03-14T00:00:00+08:00</startTime>
            <endTime>2020-03-15T00:00:00+08:00</endTime>
            <elementValue>
              <value>Cloudy with occasional rain. Temperature between 17 and 22 centigrade. Cool~Comfortable. N wind 4m/s. Chance of precipitation 50%.</value>
              <measures>NA</measures>
            </elementValue>
          </time>
          <time>
            <startTime>2020-03-15T00:00:00+08:00</startTime>
            <endTime>2020-03-16T00:00:00+08:00</endTime>
            <elementValue>
              <value>Mostly clear. Temperature between 15 and 24 centigrade. Cold~Comfortable. N wind 4m/s. Chance of precipitation 0%.</value>
              <measures>NA</measures>
            </elementValue>
          </time>
          <time>
            <startTime>2020-03-16T00:00:00+08:00</startTime>
            <endTime>2020-03-17T00:00:00+08:00</endTime>
            <elementValue>
              <value>Mostly clear. Temperature between 15 and 26 centigrade. Cold~Comfortable. SW wind 3m/s. </value>
              <measures>NA</measures>
            </elementValue>
          </time>
          <time>
            <startTime>2020-03-17T00:00:00+08:00</startTime>
            <endTime>2020-03-18T00:00:00+08:00</endTime>
            <elementValue>
              <value>Mostly clear. Temperature between 18 and 25 centigrade. Cool~Comfortable. SE wind 3m/s. </value>
              <measures>NA</measures>
            </elementValue>
          </time>
          <time>
            <startTime>2020-03-18T00:00:00+08:00</startTime>
            <endTime>2020-03-19T00:00:00+08:00</endTime>
            <elementValue>
              <value>Partly cloudy. Temperature between 18 and 26 centigrade. Cool~Comfortable. N wind 4m/s. </value>
              <measures>NA</measures>
            </elementValue>
          </time>
          <time>
            <startTime>2020-03-19T00:00:00+08:00</startTime>
            <endTime>2020-03-20T00:00:00+08:00</endTime>
            <elementValue>
              <value>Mostly clear. Temperature between 19 and 27 centigrade. Cool~Comfortable. NW wind 3m/s. </value>
              <measures>NA</measures>
            </elementValue>
          </time>
        </weatherElement>
      </location>
      <location>
        <locationName>West District</locationName>
        <geocode>1002002</geocode>
        <lat>23.466267</lat>
        <lon>120.427285</lon>
        <weatherElement>
          <elementName>T</elementName>
          <description>average of temperature</description>
          <time>
            <startTime>2020-03-13T12:00:00+08:00</startTime>
            <endTime>2020-03-14T00:00:00+08:00</endTime>
            <elementValue>
              <value>26</value>
              <measures>C</measures>
            </elementValue>
          </time>
          <time>
            <startTime>2020-03-14T00:00:00+08:00</startTime>
            <endTime>2020-03-15T00:00:00+08:00</endTime>
            <elementValue>
              <value>20</value>
              <measures>C</measures>
            </elementValue>
          </time>
          <time>
            <startTime>2020-03-15T00:00:00+08:00</startTime>
            <endTime>2020-03-16T00:00:00+08:00</endTime>
            <elementValue>
              <value>19</value>
              <measures>C</measures>
            </elementValue>
          </time>
          <time>
            <startTime>2020-03-16T00:00:00+08:00</startTime>
            <endTime>2020-03-17T00:00:00+08:00</endTime>
            <elementValue>
              <value>20</value>
              <measures>C</measures>
            </elementValue>
          </time>
          <time>
            <startTime>2020-03-17T00:00:00+08:00</startTime>
            <endTime>2020-03-18T00:00:00+08:00</endTime>
            <elementValue>
              <value>21</value>
              <measures>C</measures>
            </elementValue>
          </time>
          <time>
            <startTime>2020-03-18T00:00:00+08:00</startTime>
            <endTime>2020-03-19T00:00:00+08:00</endTime>
            <elementValue>
              <value>22</value>
              <measures>C</measures>
            </elementValue>
          </time>
          <time>
            <startTime>2020-03-19T00:00:00+08:00</startTime>
            <endTime>2020-03-20T00:00:00+08:00</endTime>
            <elementValue>
              <value>22</value>
              <measures>C</measures>
            </elementValue>
          </time>
        </weatherElement>
        <weatherElement>
          <elementName>Td</elementName>
          <description>average of dew point temperature</description>
          <time>
            <startTime>2020-03-13T12:00:00+08:00</startTime>
            <endTime>2020-03-14T00:00:00+08:00</endTime>
            <elementValue>
              <value>21</value>
              <measures>C</measures>
            </elementValue>
          </time>
          <time>
            <startTime>2020-03-14T00:00:00+08:00</startTime>
            <endTime>2020-03-15T00:00:00+08:00</endTime>
            <elementValue>
              <value>16</value>
              <measures>C</measures>
            </elementValue>
          </time>
          <time>
            <startTime>2020-03-15T00:00:00+08:00</startTime>
            <endTime>2020-03-16T00:00:00+08:00</endTime>
            <elementValue>
              <value>12</value>
              <measures>C</measures>
            </elementValue>
          </time>
          <time>
            <startTime>2020-03-16T00:00:00+08:00</startTime>
            <endTime>2020-03-17T00:00:00+08:00</endTime>
            <elementValue>
              <value>14</value>
              <measures>C</measures>
            </elementValue>
          </time>
          <time>
            <startTime>2020-03-17T00:00:00+08:00</startTime>
            <endTime>2020-03-18T00:00:00+08:00</endTime>
            <elementValue>
              <value>15</value>
              <measures>C</measures>
            </elementValue>
          </time>
          <time>
            <startTime>2020-03-18T00:00:00+08:00</startTime>
            <endTime>2020-03-19T00:00:00+08:00</endTime>
            <elementValue>
              <value>17</value>
              <measures>C</measures>
            </elementValue>
          </time>
          <time>
            <startTime>2020-03-19T00:00:00+08:00</startTime>
            <endTime>2020-03-20T00:00:00+08:00</endTime>
            <elementValue>
              <value>19</value>
              <measures>C</measures>
            </elementValue>
          </time>
        </weatherElement>
        <weatherElement>
          <elementName>RH</elementName>
          <description>average of relative humidity</description>
          <time>
            <startTime>2020-03-13T12:00:00+08:00</startTime>
            <endTime>2020-03-14T00:00:00+08:00</endTime>
            <elementValue>
              <value>74</value>
              <measures>%</measures>
            </elementValue>
          </time>
          <time>
            <startTime>2020-03-14T00:00:00+08:00</startTime>
            <endTime>2020-03-15T00:00:00+08:00</endTime>
            <elementValue>
              <value>80</value>
              <measures>%</measures>
            </elementValue>
          </time>
          <time>
            <startTime>2020-03-15T00:00:00+08:00</startTime>
            <endTime>2020-03-16T00:00:00+08:00</endTime>
            <elementValue>
              <value>66</value>
              <measures>%</measures>
            </elementValue>
          </time>
          <time>
            <startTime>2020-03-16T00:00:00+08:00</startTime>
            <endTime>2020-03-17T00:00:00+08:00</endTime>
            <elementValue>
              <value>71</value>
              <measures>%</measures>
            </elementValue>
          </time>
          <time>
            <startTime>2020-03-17T00:00:00+08:00</startTime>
            <endTime>2020-03-18T00:00:00+08:00</endTime>
            <elementValue>
              <value>69</value>
              <measures>%</measures>
            </elementValue>
          </time>
          <time>
            <startTime>2020-03-18T00:00:00+08:00</startTime>
            <endTime>2020-03-19T00:00:00+08:00</endTime>
            <elementValue>
              <value>73</value>
              <measures>%</measures>
            </elementValue>
          </time>
          <time>
            <startTime>2020-03-19T00:00:00+08:00</startTime>
            <endTime>2020-03-20T00:00:00+08:00</endTime>
            <elementValue>
              <value>83</value>
              <measures>%</measures>
            </elementValue>
          </time>
        </weatherElement>
        <weatherElement>
          <elementName>MaxT</elementName>
          <description>maximum temperature</description>
          <time>
            <startTime>2020-03-13T12:00:00+08:00</startTime>
            <endTime>2020-03-14T00:00:00+08:00</endTime>
            <elementValue>
              <value>30</value>
              <measures>C</measures>
            </elementValue>
          </time>
          <time>
            <startTime>2020-03-14T00:00:00+08:00</startTime>
            <endTime>2020-03-15T00:00:00+08:00</endTime>
            <elementValue>
              <value>22</value>
              <measures>C</measures>
            </elementValue>
          </time>
          <time>
            <startTime>2020-03-15T00:00:00+08:00</startTime>
            <endTime>2020-03-16T00:00:00+08:00</endTime>
            <elementValue>
              <value>25</value>
              <measures>C</measures>
            </elementValue>
          </time>
          <time>
            <startTime>2020-03-16T00:00:00+08:00</startTime>
            <endTime>2020-03-17T00:00:00+08:00</endTime>
            <elementValue>
              <value>26</value>
              <measures>C</measures>
            </elementValue>
          </time>
          <time>
            <startTime>2020-03-17T00:00:00+08:00</startTime>
            <endTime>2020-03-18T00:00:00+08:00</endTime>
            <elementValue>
              <value>25</value>
              <measures>C</measures>
            </elementValue>
          </time>
          <time>
            <startTime>2020-03-18T00:00:00+08:00</startTime>
            <endTime>2020-03-19T00:00:00+08:00</endTime>
            <elementValue>
              <value>27</value>
              <measures>C</measures>
            </elementValue>
          </time>
          <time>
            <startTime>2020-03-19T00:00:00+08:00</startTime>
            <endTime>2020-03-20T00:00:00+08:00</endTime>
            <elementValue>
              <value>27</value>
              <measures>C</measures>
            </elementValue>
          </time>
        </weatherElement>
        <weatherElement>
          <elementName>MinT</elementName>
          <description>minimum temperature</description>
          <time>
            <startTime>2020-03-13T12:00:00+08:00</startTime>
            <endTime>2020-03-14T00:00:00+08:00</endTime>
            <elementValue>
              <value>21</value>
              <measures>C</measures>
            </elementValue>
          </time>
          <time>
            <startTime>2020-03-14T00:00:00+08:00</startTime>
            <endTime>2020-03-15T00:00:00+08:00</endTime>
            <elementValue>
              <value>17</value>
              <measures>C</measures>
            </elementValue>
          </time>
          <time>
            <startTime>2020-03-15T00:00:00+08:00</startTime>
            <endTime>2020-03-16T00:00:00+08:00</endTime>
            <elementValue>
              <value>16</value>
              <measures>C</measures>
            </elementValue>
          </time>
          <time>
            <startTime>2020-03-16T00:00:00+08:00</startTime>
            <endTime>2020-03-17T00:00:00+08:00</endTime>
            <elementValue>
              <value>15</value>
              <measures>C</measures>
            </elementValue>
          </time>
          <time>
            <startTime>2020-03-17T00:00:00+08:00</startTime>
            <endTime>2020-03-18T00:00:00+08:00</endTime>
            <elementValue>
              <value>18</value>
              <measures>C</measures>
            </elementValue>
          </time>
          <time>
            <startTime>2020-03-18T00:00:00+08:00</startTime>
            <endTime>2020-03-19T00:00:00+08:00</endTime>
            <elementValue>
              <value>18</value>
              <measures>C</measures>
            </elementValue>
          </time>
          <time>
            <startTime>2020-03-19T00:00:00+08:00</startTime>
            <endTime>2020-03-20T00:00:00+08:00</endTime>
            <elementValue>
              <value>19</value>
              <measures>C</measures>
            </elementValue>
          </time>
        </weatherElement>
        <weatherElement>
          <elementName>MaxAT</elementName>
          <description>maximum athletic temperature</description>
          <time>
            <startTime>2020-03-13T12:00:00+08:00</startTime>
            <endTime>2020-03-14T00:00:00+08:00</endTime>
            <elementValue>
              <value>33</value>
              <measures>C</measures>
            </elementValue>
          </time>
          <time>
            <startTime>2020-03-14T00:00:00+08:00</startTime>
            <endTime>2020-03-15T00:00:00+08:00</endTime>
            <elementValue>
              <value>22</value>
              <measures>C</measures>
            </elementValue>
          </time>
          <time>
            <startTime>2020-03-15T00:00:00+08:00</startTime>
            <endTime>2020-03-16T00:00:00+08:00</endTime>
            <elementValue>
              <value>25</value>
              <measures>C</measures>
            </elementValue>
          </time>
          <time>
            <startTime>2020-03-16T00:00:00+08:00</startTime>
            <endTime>2020-03-17T00:00:00+08:00</endTime>
            <elementValue>
              <value>25</value>
              <measures>C</measures>
            </elementValue>
          </time>
          <time>
            <startTime>2020-03-17T00:00:00+08:00</startTime>
            <endTime>2020-03-18T00:00:00+08:00</endTime>
            <elementValue>
              <value>25</value>
              <measures>C</measures>
            </elementValue>
          </time>
          <time>
            <startTime>2020-03-18T00:00:00+08:00</startTime>
            <endTime>2020-03-19T00:00:00+08:00</endTime>
            <elementValue>
              <value>27</value>
              <measures>C</measures>
            </elementValue>
          </time>
          <time>
            <startTime>2020-03-19T00:00:00+08:00</startTime>
            <endTime>2020-03-20T00:00:00+08:00</endTime>
            <elementValue>
              <value>29</value>
              <measures>C</measures>
            </elementValue>
          </time>
        </weatherElement>
        <weatherElement>
          <elementName>MinAT</elementName>
          <description>minimum athletic temperature</description>
          <time>
            <startTime>2020-03-13T12:00:00+08:00</startTime>
            <endTime>2020-03-14T00:00:00+08:00</endTime>
            <elementValue>
              <value>21</value>
              <measures>C</measures>
            </elementValue>
          </time>
          <time>
            <startTime>2020-03-14T00:00:00+08:00</startTime>
            <endTime>2020-03-15T00:00:00+08:00</endTime>
            <elementValue>
              <value>15</value>
              <measures>C</measures>
            </elementValue>
          </time>
          <time>
            <startTime>2020-03-15T00:00:00+08:00</startTime>
            <endTime>2020-03-16T00:00:00+08:00</endTime>
            <elementValue>
              <value>14</value>
              <measures>C</measures>
            </elementValue>
          </time>
          <time>
            <startTime>2020-03-16T00:00:00+08:00</startTime>
            <endTime>2020-03-17T00:00:00+08:00</endTime>
            <elementValue>
              <value>15</value>
              <measures>C</measures>
            </elementValue>
          </time>
          <time>
            <startTime>2020-03-17T00:00:00+08:00</startTime>
            <endTime>2020-03-18T00:00:00+08:00</endTime>
            <elementValue>
              <value>17</value>
              <measures>C</measures>
            </elementValue>
          </time>
          <time>
            <startTime>2020-03-18T00:00:00+08:00</startTime>
            <endTime>2020-03-19T00:00:00+08:00</endTime>
            <elementValue>
              <value>17</value>
              <measures>C</measures>
            </elementValue>
          </time>
          <time>
            <startTime>2020-03-19T00:00:00+08:00</startTime>
            <endTime>2020-03-20T00:00:00+08:00</endTime>
            <elementValue>
              <value>18</value>
              <measures>C</measures>
            </elementValue>
          </time>
        </weatherElement>
        <weatherElement>
          <elementName>MaxCI</elementName>
          <description>maximum comfort index</description>
          <time>
            <startTime>2020-03-13T12:00:00+08:00</startTime>
            <endTime>2020-03-14T00:00:00+08:00</endTime>
            <elementValue>
              <value>27</value>
              <measures>NA</measures>
            </elementValue>
          </time>
          <time>
            <startTime>2020-03-14T00:00:00+08:00</startTime>
            <endTime>2020-03-15T00:00:00+08:00</endTime>
            <elementValue>
              <value>21</value>
              <measures>NA</measures>
            </elementValue>
          </time>
          <time>
            <startTime>2020-03-15T00:00:00+08:00</startTime>
            <endTime>2020-03-16T00:00:00+08:00</endTime>
            <elementValue>
              <value>22</value>
              <measures>NA</measures>
            </elementValue>
          </time>
          <time>
            <startTime>2020-03-16T00:00:00+08:00</startTime>
            <endTime>2020-03-17T00:00:00+08:00</endTime>
            <elementValue>
              <value>23</value>
              <measures>NA</measures>
            </elementValue>
          </time>
          <time>
            <startTime>2020-03-17T00:00:00+08:00</startTime>
            <endTime>2020-03-18T00:00:00+08:00</endTime>
            <elementValue>
              <value>23</value>
              <measures>NA</measures>
            </elementValue>
          </time>
          <time>
            <startTime>2020-03-18T00:00:00+08:00</startTime>
            <endTime>2020-03-19T00:00:00+08:00</endTime>
            <elementValue>
              <value>24</value>
              <measures>NA</measures>
            </elementValue>
          </time>
          <time>
            <startTime>2020-03-19T00:00:00+08:00</startTime>
            <endTime>2020-03-20T00:00:00+08:00</endTime>
            <elementValue>
              <value>25</value>
              <measures>NA</measures>
            </elementValue>
          </time>
        </weatherElement>
        <weatherElement>
          <elementName>MinCI</elementName>
          <description>minimum comfort index</description>
          <time>
            <startTime>2020-03-13T12:00:00+08:00</startTime>
            <endTime>2020-03-14T00:00:00+08:00</endTime>
            <elementValue>
              <value>21</value>
              <measures>NA</measures>
            </elementValue>
          </time>
          <time>
            <startTime>2020-03-14T00:00:00+08:00</startTime>
            <endTime>2020-03-15T00:00:00+08:00</endTime>
            <elementValue>
              <value>16</value>
              <measures>NA</measures>
            </elementValue>
          </time>
          <time>
            <startTime>2020-03-15T00:00:00+08:00</startTime>
            <endTime>2020-03-16T00:00:00+08:00</endTime>
            <elementValue>
              <value>15</value>
              <measures>NA</measures>
            </elementValue>
          </time>
          <time>
            <startTime>2020-03-16T00:00:00+08:00</startTime>
            <endTime>2020-03-17T00:00:00+08:00</endTime>
            <elementValue>
              <value>15</value>
              <measures>NA</measures>
            </elementValue>
          </time>
          <time>
            <startTime>2020-03-17T00:00:00+08:00</startTime>
            <endTime>2020-03-18T00:00:00+08:00</endTime>
            <elementValue>
              <value>18</value>
              <measures>NA</measures>
            </elementValue>
          </time>
          <time>
            <startTime>2020-03-18T00:00:00+08:00</startTime>
            <endTime>2020-03-19T00:00:00+08:00</endTime>
            <elementValue>
              <value>18</value>
              <measures>NA</measures>
            </elementValue>
          </time>
          <time>
            <startTime>2020-03-19T00:00:00+08:00</startTime>
            <endTime>2020-03-20T00:00:00+08:00</endTime>
            <elementValue>
              <value>18</value>
              <measures>NA</measures>
            </elementValue>
          </time>
        </weatherElement>
        <weatherElement>
          <elementName>PoP24h</elementName>
          <description>24 hours probability of precipitation</description>
          <time>
            <startTime>2020-03-13T12:00:00+08:00</startTime>
            <endTime>2020-03-14T00:00:00+08:00</endTime>
            <elementValue>
              <value>30</value>
              <measures>%</measures>
            </elementValue>
          </time>
          <time>
            <startTime>2020-03-14T00:00:00+08:00</startTime>
            <endTime>2020-03-15T00:00:00+08:00</endTime>
            <elementValue>
              <value>40</value>
              <measures>%</measures>
            </elementValue>
          </time>
          <time>
            <startTime>2020-03-15T00:00:00+08:00</startTime>
            <endTime>2020-03-16T00:00:00+08:00</endTime>
            <elementValue>
              <value>0</value>
              <measures>%</measures>
            </elementValue>
          </time>
          <time>
            <startTime>2020-03-16T00:00:00+08:00</startTime>
            <endTime>2020-03-17T00:00:00+08:00</endTime>
            <elementValue>
              <value> </value>
              <measures>%</measures>
            </elementValue>
          </time>
          <time>
            <startTime>2020-03-17T00:00:00+08:00</startTime>
            <endTime>2020-03-18T00:00:00+08:00</endTime>
            <elementValue>
              <value> </value>
              <measures>%</measures>
            </elementValue>
          </time>
          <time>
            <startTime>2020-03-18T00:00:00+08:00</startTime>
            <endTime>2020-03-19T00:00:00+08:00</endTime>
            <elementValue>
              <value> </value>
              <measures>%</measures>
            </elementValue>
          </time>
          <time>
            <startTime>2020-03-19T00:00:00+08:00</startTime>
            <endTime>2020-03-20T00:00:00+08:00</endTime>
            <elementValue>
              <value> </value>
              <measures>%</measures>
            </elementValue>
          </time>
        </weatherElement>
        <weatherElement>
          <elementName>WD</elementName>
          <description>wind direction</description>
          <time>
            <startTime>2020-03-13T12:00:00+08:00</startTime>
            <endTime>2020-03-14T00:00:00+08:00</endTime>
            <elementValue>
              <value>N</value>
              <measures>16 directions</measures>
            </elementValue>
          </time>
          <time>
            <startTime>2020-03-14T00:00:00+08:00</startTime>
            <endTime>2020-03-15T00:00:00+08:00</endTime>
            <elementValue>
              <value>N</value>
              <measures>16 directions</measures>
            </elementValue>
          </time>
          <time>
            <startTime>2020-03-15T00:00:00+08:00</startTime>
            <endTime>2020-03-16T00:00:00+08:00</endTime>
            <elementValue>
              <value>N</value>
              <measures>16 directions</measures>
            </elementValue>
          </time>
          <time>
            <startTime>2020-03-16T00:00:00+08:00</startTime>
            <endTime>2020-03-17T00:00:00+08:00</endTime>
            <elementValue>
              <value>SW</value>
              <measures>16 directions</measures>
            </elementValue>
          </time>
          <time>
            <startTime>2020-03-17T00:00:00+08:00</startTime>
            <endTime>2020-03-18T00:00:00+08:00</endTime>
            <elementValue>
              <value>SE</value>
              <measures>16 directions</measures>
            </elementValue>
          </time>
          <time>
            <startTime>2020-03-18T00:00:00+08:00</startTime>
            <endTime>2020-03-19T00:00:00+08:00</endTime>
            <elementValue>
              <value>N</value>
              <measures>16 directions</measures>
            </elementValue>
          </time>
          <time>
            <startTime>2020-03-19T00:00:00+08:00</startTime>
            <endTime>2020-03-20T00:00:00+08:00</endTime>
            <elementValue>
              <value>NW</value>
              <measures>16 directions</measures>
            </elementValue>
          </time>
        </weatherElement>
        <weatherElement>
          <elementName>WS</elementName>
          <description>maximum of wind speed</description>
          <time>
            <startTime>2020-03-13T12:00:00+08:00</startTime>
            <endTime>2020-03-14T00:00:00+08:00</endTime>
            <elementValue>
              <value>4</value>
              <measures>m/s</measures>
            </elementValue>
            <elementValue>
              <value>3</value>
              <measures>Beaufort</measures>
            </elementValue>
          </time>
          <time>
            <startTime>2020-03-14T00:00:00+08:00</startTime>
            <endTime>2020-03-15T00:00:00+08:00</endTime>
            <elementValue>
              <value>5</value>
              <measures>m/s</measures>
            </elementValue>
            <elementValue>
              <value>3</value>
              <measures>Beaufort</measures>
            </elementValue>
          </time>
          <time>
            <startTime>2020-03-15T00:00:00+08:00</startTime>
            <endTime>2020-03-16T00:00:00+08:00</endTime>
            <elementValue>
              <value>5</value>
              <measures>m/s</measures>
            </elementValue>
            <elementValue>
              <value>3</value>
              <measures>Beaufort</measures>
            </elementValue>
          </time>
          <time>
            <startTime>2020-03-16T00:00:00+08:00</startTime>
            <endTime>2020-03-17T00:00:00+08:00</endTime>
            <elementValue>
              <value>4</value>
              <measures>m/s</measures>
            </elementValue>
            <elementValue>
              <value>3</value>
              <measures>Beaufort</measures>
            </elementValue>
          </time>
          <time>
            <startTime>2020-03-17T00:00:00+08:00</startTime>
            <endTime>2020-03-18T00:00:00+08:00</endTime>
            <elementValue>
              <value>4</value>
              <measures>m/s</measures>
            </elementValue>
            <elementValue>
              <value>3</value>
              <measures>Beaufort</measures>
            </elementValue>
          </time>
          <time>
            <startTime>2020-03-18T00:00:00+08:00</startTime>
            <endTime>2020-03-19T00:00:00+08:00</endTime>
            <elementValue>
              <value>4</value>
              <measures>m/s</measures>
            </elementValue>
            <elementValue>
              <value>3</value>
              <measures>Beaufort</measures>
            </elementValue>
          </time>
          <time>
            <startTime>2020-03-19T00:00:00+08:00</startTime>
            <endTime>2020-03-20T00:00:00+08:00</endTime>
            <elementValue>
              <value>3</value>
              <measures>m/s</measures>
            </elementValue>
            <elementValue>
              <value>2</value>
              <measures>Beaufort</measures>
            </elementValue>
          </time>
        </weatherElement>
        <weatherElement>
          <elementName>Wx</elementName>
          <description>weather</description>
          <time>
            <startTime>2020-03-13T12:00:00+08:00</startTime>
            <endTime>2020-03-14T00:00:00+08:00</endTime>
            <elementValue>
              <value>Partly cloudy with occasional showers</value>
              <measures>define Wx text by self</measures>
            </elementValue>
            <elementValue>
              <value>08</value>
              <measures>define Wx unit by self</measures>
            </elementValue>
          </time>
          <time>
            <startTime>2020-03-14T00:00:00+08:00</startTime>
            <endTime>2020-03-15T00:00:00+08:00</endTime>
            <elementValue>
              <value>Cloudy with occasional rain</value>
              <measures>define Wx text by self</measures>
            </elementValue>
            <elementValue>
              <value>11</value>
              <measures>define Wx unit by self</measures>
            </elementValue>
          </time>
          <time>
            <startTime>2020-03-15T00:00:00+08:00</startTime>
            <endTime>2020-03-16T00:00:00+08:00</endTime>
            <elementValue>
              <value>Mostly clear</value>
              <measures>define Wx text by self</measures>
            </elementValue>
            <elementValue>
              <value>02</value>
              <measures>define Wx unit by self</measures>
            </elementValue>
          </time>
          <time>
            <startTime>2020-03-16T00:00:00+08:00</startTime>
            <endTime>2020-03-17T00:00:00+08:00</endTime>
            <elementValue>
              <value>Mostly clear</value>
              <measures>define Wx text by self</measures>
            </elementValue>
            <elementValue>
              <value>02</value>
              <measures>define Wx unit by self</measures>
            </elementValue>
          </time>
          <time>
            <startTime>2020-03-17T00:00:00+08:00</startTime>
            <endTime>2020-03-18T00:00:00+08:00</endTime>
            <elementValue>
              <value>Mostly clear</value>
              <measures>define Wx text by self</measures>
            </elementValue>
            <elementValue>
              <value>02</value>
              <measures>define Wx unit by self</measures>
            </elementValue>
          </time>
          <time>
            <startTime>2020-03-18T00:00:00+08:00</startTime>
            <endTime>2020-03-19T00:00:00+08:00</endTime>
            <elementValue>
              <value>Partly cloudy</value>
              <measures>define Wx text by self</measures>
            </elementValue>
            <elementValue>
              <value>04</value>
              <measures>define Wx unit by self</measures>
            </elementValue>
          </time>
          <time>
            <startTime>2020-03-19T00:00:00+08:00</startTime>
            <endTime>2020-03-20T00:00:00+08:00</endTime>
            <elementValue>
              <value>Mostly clear</value>
              <measures>define Wx text by self</measures>
            </elementValue>
            <elementValue>
              <value>02</value>
              <measures>define Wx unit by self</measures>
            </elementValue>
          </time>
        </weatherElement>
        <weatherElement>
          <elementName>UVI</elementName>
          <description>Ultraviolet index</description>
          <time>
            <startTime>2020-03-13T06:00:00+08:00</startTime>
            <endTime>2020-03-13T18:00:00+08:00</endTime>
            <elementValue>
              <value>7</value>
              <measures>UV Index</measures>
            </elementValue>
            <elementValue>
              <value>High</value>
              <measures>Exposure Level</measures>
            </elementValue>
          </time>
          <time>
            <startTime>2020-03-14T06:00:00+08:00</startTime>
            <endTime>2020-03-14T18:00:00+08:00</endTime>
            <elementValue>
              <value>4</value>
              <measures>UV Index</measures>
            </elementValue>
            <elementValue>
              <value>Moderate</value>
              <measures>Exposure Level</measures>
            </elementValue>
          </time>
          <time>
            <startTime>2020-03-15T06:00:00+08:00</startTime>
            <endTime>2020-03-15T18:00:00+08:00</endTime>
            <elementValue>
              <value>6</value>
              <measures>UV Index</measures>
            </elementValue>
            <elementValue>
              <value>High</value>
              <measures>Exposure Level</measures>
            </elementValue>
          </time>
          <time>
            <startTime>2020-03-16T06:00:00+08:00</startTime>
            <endTime>2020-03-16T18:00:00+08:00</endTime>
            <elementValue>
              <value>6</value>
              <measures>UV Index</measures>
            </elementValue>
            <elementValue>
              <value>High</value>
              <measures>Exposure Level</measures>
            </elementValue>
          </time>
          <time>
            <startTime>2020-03-17T06:00:00+08:00</startTime>
            <endTime>2020-03-17T18:00:00+08:00</endTime>
            <elementValue>
              <value>6</value>
              <measures>UV Index</measures>
            </elementValue>
            <elementValue>
              <value>High</value>
              <measures>Exposure Level</measures>
            </elementValue>
          </time>
          <time>
            <startTime>2020-03-18T06:00:00+08:00</startTime>
            <endTime>2020-03-18T18:00:00+08:00</endTime>
            <elementValue>
              <value>6</value>
              <measures>UV Index</measures>
            </elementValue>
            <elementValue>
              <value>High</value>
              <measures>Exposure Level</measures>
            </elementValue>
          </time>
          <time>
            <startTime>2020-03-19T06:00:00+08:00</startTime>
            <endTime>2020-03-19T18:00:00+08:00</endTime>
            <elementValue>
              <value>6</value>
              <measures>UV Index</measures>
            </elementValue>
            <elementValue>
              <value>High</value>
              <measures>Exposure Level</measures>
            </elementValue>
          </time>
        </weatherElement>
        <weatherElement>
          <elementName>WeatherDescription</elementName>
          <description>weather description</description>
          <time>
            <startTime>2020-03-13T12:00:00+08:00</startTime>
            <endTime>2020-03-14T00:00:00+08:00</endTime>
            <elementValue>
              <value>Partly cloudy with occasional showers. Temperature between 21 and 30 centigrade. Comfortable~Hot. N wind 4m/s. Chance of precipitation 30%.</value>
              <measures>NA</measures>
            </elementValue>
          </time>
          <time>
            <startTime>2020-03-14T00:00:00+08:00</startTime>
            <endTime>2020-03-15T00:00:00+08:00</endTime>
            <elementValue>
              <value>Cloudy with occasional rain. Temperature between 17 and 22 centigrade. Cool~Comfortable. N wind 5m/s. Chance of precipitation 40%.</value>
              <measures>NA</measures>
            </elementValue>
          </time>
          <time>
            <startTime>2020-03-15T00:00:00+08:00</startTime>
            <endTime>2020-03-16T00:00:00+08:00</endTime>
            <elementValue>
              <value>Mostly clear. Temperature between 16 and 25 centigrade. Cold~Comfortable. N wind 5m/s. Chance of precipitation 0%.</value>
              <measures>NA</measures>
            </elementValue>
          </time>
          <time>
            <startTime>2020-03-16T00:00:00+08:00</startTime>
            <endTime>2020-03-17T00:00:00+08:00</endTime>
            <elementValue>
              <value>Mostly clear. Temperature between 15 and 26 centigrade. Cold~Comfortable. SW wind 4m/s. </value>
              <measures>NA</measures>
            </elementValue>
          </time>
          <time>
            <startTime>2020-03-17T00:00:00+08:00</startTime>
            <endTime>2020-03-18T00:00:00+08:00</endTime>
            <elementValue>
              <value>Mostly clear. Temperature between 18 and 25 centigrade. Cool~Comfortable. SE wind 4m/s. </value>
              <measures>NA</measures>
            </elementValue>
          </time>
          <time>
            <startTime>2020-03-18T00:00:00+08:00</startTime>
            <endTime>2020-03-19T00:00:00+08:00</endTime>
            <elementValue>
              <value>Partly cloudy. Temperature between 18 and 27 centigrade. Cool~Comfortable. N wind 4m/s. </value>
              <measures>NA</measures>
            </elementValue>
          </time>
          <time>
            <startTime>2020-03-19T00:00:00+08:00</startTime>
            <endTime>2020-03-20T00:00:00+08:00</endTime>
            <elementValue>
              <value>Mostly clear. Temperature between 19 and 27 centigrade. Cool~Comfortable. NW wind 3m/s. </value>
              <measures>NA</measures>
            </elementValue>
          </time>
        </weatherElement>
      </location>
    </locations>
  </dataset>
</cwbopendata>
